Maddie,Martin
Daniel,Barnes
Briony,Barrett
Audrey,Carter
Briony,Allen
Amelia,Phillips
Naomi,Smith
Hailey,Taylor
Kirsten,Higgins
Wilson,Watson
Frederick,Martin
Alford,Montgomery
Tyler,Johnson
Edwin,Nelson
Jordan,Foster
Edward,Gibson
James,Chapman
Frederick,Edwards
Jordan,Parker
Lyndon,Brown
Tara,Ross
Haris,Wright
Valeria,Cooper
Bruce,Ferguson
Robert,Bailey
Julia,Crawford
Ned,Campbell
Savana,Elliott
Alberta,Wilson
Catherine,Bailey
Lucia,Cunningham
Michelle,Holmes
Maddie,Brown
Thomas,Higgins
Vincent,Kelly
Mary,Farrell
Arthur,Cameron
Charlotte,Ross
Leonardo,Thomas
Ada,Grant
Connie,Mason
Arianna,Barrett
Adam,Mitchell
Maria,Thompson
Julian,Baker
Edwin,Ross
Sawyer,Phillips
Henry,Bailey
Max,Bailey
Sarah,Crawford
